{"v":"5.7.1","fr":29.9700012207031,"ip":58.0000023623884,"op":110.000004480392,"w":400,"h":400,"nm":"Red - Fizz","ddd":0,"assets":[],"layers":[{"ddd":0,"ind":1,"ty":4,"nm":"Heart Drain","td":1,"sr":1,"ks":{"o":{"a":0,"k":100,"ix":11},"r":{"a":0,"k":0,"ix":10},"p":{"a":1,"k":[{"i":{"x":0,"y":1},"o":{"x":0.167,"y":0.167},"t":140,"s":[200,200,0],"to":[0,23.333,0],"ti":[0,-23.333,0]},{"t":155.000006313279,"s":[200,340,0]}],"ix":2},"a":{"a":0,"k":[0,0,0],"ix":1},"s":{"a":0,"k":[100,100,100],"ix":6}},"ao":0,"shapes":[{"ty":"gr","it":[{"ty":"rc","d":1,"s":{"a":0,"k":[162.414,162.414],"ix":2},"p":{"a":0,"k":[0,0],"ix":3},"r":{"a":0,"k":0,"ix":4},"nm":"Rectangle Path 1","mn":"ADBE Vector Shape - Rect","hd":false},{"ty":"st","c":{"a":0,"k":[1,1,1,1],"ix":3},"o":{"a":0,"k":100,"ix":4},"w":{"a":0,"k":1,"ix":5},"lc":1,"lj":1,"ml":4,"bm":0,"nm":"Stroke 1","mn":"ADBE Vector Graphic - Stroke","hd":false},{"ty":"fl","c":{"a":0,"k":[1,0,0,1],"ix":4},"o":{"a":0,"k":100,"ix":5},"r":1,"bm":0,"nm":"Fill 1","mn":"ADBE Vector Graphic - Fill","hd":false},{"ty":"tr","p":{"a":0,"k":[-2.793,-0.793],"ix":2},"a":{"a":0,"k":[0,0],"ix":1},"s":{"a":0,"k":[100,100],"ix":3},"r":{"a":0,"k":0,"ix":6},"o":{"a":0,"k":100,"ix":7},"sk":{"a":0,"k":0,"ix":4},"sa":{"a":0,"k":0,"ix":5},"nm":"Transform"}],"nm":"Rectangle 1","np":3,"cix":2,"bm":0,"ix":1,"mn":"ADBE Vector Group","hd":false}],"ip":0,"op":360.000014663101,"st":0,"bm":0},{"ddd":0,"ind":2,"ty":4,"nm":"Heart Fill","tt":1,"sr":1,"ks":{"o":{"a":0,"k":100,"ix":11},"r":{"a":0,"k":0,"ix":10},"p":{"a":0,"k":[200,200,0],"ix":2},"a":{"a":0,"k":[0,0,0],"ix":1},"s":{"a":1,"k":[{"i":{"x":[0.667,0.667,0.667],"y":[1,1,1]},"o":{"x":[0.167,0.167,0.167],"y":[0.167,0.167,0]},"t":60,"s":[0,0,100]},{"i":{"x":[0.667,0.667,0.667],"y":[1,1,1]},"o":{"x":[0.333,0.333,0.333],"y":[0,0,0]},"t":65,"s":[130,130,100]},{"t":68.0000027696968,"s":[100,100,100]}],"ix":6}},"ao":0,"shapes":[{"ty":"gr","it":[{"ind":0,"ty":"sh","ix":1,"ks":{"a":0,"k":{"i":[[0,0],[0,0],[6.62,7.906],[0,10.72],[-20.17,0],[-6.045,-4.133],[-7.418,0],[0,-20.17],[7.526,-9.56],[3.665,-2.823]],"o":[[0,0],[-3.635,-2.829],[-7.524,-8.986],[0,-20.17],[7.418,0],[6.044,-4.134],[20.17,0],[0,10.202],[-6.53,8.295],[0,0]],"v":[[-0.04,52.248],[-3.706,49.393],[-46.02,13.617],[-57.202,-15.668],[-20.623,-52.248],[0,-45.881],[20.623,-52.248],[57.202,-15.668],[46.169,13.296],[3.641,49.413]],"c":true},"ix":2},"nm":"Path 1","mn":"ADBE Vector Shape - Group","hd":false},{"ty":"fl","c":{"a":0,"k":[0.918734681373,0.117361053766,0.117361053766,1],"ix":4},"o":{"a":0,"k":100,"ix":5},"r":1,"bm":0,"nm":"Fill 1","mn":"ADBE Vector Graphic - Fill","hd":false},{"ty":"tr","p":{"a":0,"k":[0,0],"ix":2},"a":{"a":0,"k":[0,0],"ix":1},"s":{"a":0,"k":[100,100],"ix":3},"r":{"a":0,"k":0,"ix":6},"o":{"a":0,"k":100,"ix":7},"sk":{"a":0,"k":0,"ix":4},"sa":{"a":0,"k":0,"ix":5},"nm":"Transform"}],"nm":"Shape 1","np":3,"cix":2,"bm":0,"ix":1,"mn":"ADBE Vector Group","hd":false}],"ip":0,"op":360.000014663101,"st":0,"bm":0},{"ddd":0,"ind":3,"ty":4,"nm":"Heart Stroke","sr":1,"ks":{"o":{"a":1,"k":[{"i":{"x":[0.833],"y":[0.833]},"o":{"x":[0.167],"y":[0.167]},"t":65,"s":[100]},{"i":{"x":[0.833],"y":[0.833]},"o":{"x":[0.167],"y":[0.167]},"t":66,"s":[0]},{"i":{"x":[0.833],"y":[0.833]},"o":{"x":[0.167],"y":[0.167]},"t":139,"s":[0]},{"t":140.000005702317,"s":[100]}],"ix":11},"r":{"a":0,"k":0,"ix":10},"p":{"a":0,"k":[200,200,0],"ix":2},"a":{"a":0,"k":[0,0,0],"ix":1},"s":{"a":0,"k":[100,100,100],"ix":6}},"ao":0,"shapes":[{"ty":"gr","it":[{"ind":0,"ty":"sh","ix":1,"ks":{"a":0,"k":{"i":[[16.888,0],[5.438,-4.97],[7.947,0],[0,-16.888],[-6.4,-7.645],[0,0],[-6.258,7.948],[0,9.789]],"o":[[-7.947,0],[-5.438,-4.97],[-16.888,0],[0,9.73],[6.4,7.645],[0,0],[6.017,-7.642],[0,-16.888]],"v":[[20.623,-45.453],[0,-37.45],[-20.623,-45.453],[-51.201,-14.875],[-41.42,10.56],[-0.02,45.453],[41.455,10.379],[51.201,-14.875]],"c":true},"ix":2},"nm":"Path 1","mn":"ADBE Vector Shape - Group","hd":false},{"ty":"st","c":{"a":0,"k":[0.105882352941,0.105882352941,0.105882352941,1],"ix":3},"o":{"a":0,"k":100,"ix":4},"w":{"a":0,"k":12,"ix":5},"lc":1,"lj":1,"ml":4,"bm":0,"nm":"Stroke 1","mn":"ADBE Vector Graphic - Stroke","hd":false},{"ty":"tr","p":{"a":0,"k":[0,0],"ix":2},"a":{"a":0,"k":[0,0],"ix":1},"s":{"a":0,"k":[100,100],"ix":3},"r":{"a":0,"k":0,"ix":6},"o":{"a":0,"k":100,"ix":7},"sk":{"a":0,"k":0,"ix":4},"sa":{"a":0,"k":0,"ix":5},"nm":"Transform"}],"nm":"Shape 1","np":3,"cix":2,"bm":0,"ix":1,"mn":"ADBE Vector Group","hd":false}],"ip":0,"op":360.000014663101,"st":0,"bm":0},{"ddd":0,"ind":4,"ty":4,"nm":"Heart Small 1","sr":1,"ks":{"o":{"a":1,"k":[{"i":{"x":[0.833],"y":[0.833]},"o":{"x":[0.167],"y":[0.167]},"t":59,"s":[0]},{"t":62.0000025253118,"s":[25]}],"ix":11},"r":{"a":0,"k":0,"ix":10},"p":{"a":1,"k":[{"i":{"x":0.667,"y":1},"o":{"x":0.167,"y":0.167},"t":60,"s":[198.542,195.729,0],"to":[-6.667,21.333,0],"ti":[24.157,-2.797,0]},{"i":{"x":0.667,"y":1},"o":{"x":0.333,"y":0},"t":75,"s":[158.542,323.729,0],"to":[-15.833,1.833,0],"ti":[-2,62,0]},{"t":100.000004073084,"s":[120.542,226.729,0]}],"ix":2},"a":{"a":0,"k":[0,0,0],"ix":1},"s":{"a":1,"k":[{"i":{"x":[0.667,0.667,0.667],"y":[1,1,1]},"o":{"x":[0.167,0.167,0.167],"y":[0.167,0.167,0]},"t":60,"s":[100,100,100]},{"i":{"x":[0.667,0.667,0.667],"y":[1,1,1]},"o":{"x":[0.333,0.333,0.333],"y":[0,0,0]},"t":75,"s":[125,125,100]},{"t":100.000004073084,"s":[0,0,100]}],"ix":6}},"ao":0,"shapes":[{"ty":"gr","it":[{"ind":0,"ty":"sh","ix":1,"ks":{"a":0,"k":{"i":[[3.724,0],[1.199,-1.096],[1.752,0],[0,-3.724],[-1.411,-1.686],[0,0],[-1.38,1.752],[0,2.158]],"o":[[-1.752,0],[-1.199,-1.096],[-3.724,0],[0,2.145],[1.411,1.686],[0,0],[1.327,-1.685],[0,-3.724]],"v":[[4.547,-10.022],[0,-8.257],[-4.547,-10.022],[-11.289,-3.28],[-9.132,2.328],[-0.004,10.022],[9.14,2.288],[11.289,-3.28]],"c":true},"ix":2},"nm":"Path 1","mn":"ADBE Vector Shape - Group","hd":false},{"ty":"fl","c":{"a":0,"k":[0.917647058824,0.117647058824,0.117647058824,1],"ix":4},"o":{"a":0,"k":100,"ix":5},"r":1,"bm":0,"nm":"Fill 1","mn":"ADBE Vector Graphic - Fill","hd":false},{"ty":"tr","p":{"a":0,"k":[0,0],"ix":2},"a":{"a":0,"k":[0,0],"ix":1},"s":{"a":0,"k":[100,100],"ix":3},"r":{"a":0,"k":0,"ix":6},"o":{"a":0,"k":100,"ix":7},"sk":{"a":0,"k":0,"ix":4},"sa":{"a":0,"k":0,"ix":5},"nm":"Transform"}],"nm":"Shape 1","np":3,"cix":2,"bm":0,"ix":1,"mn":"ADBE Vector Group","hd":false}],"ip":0,"op":360.000014663101,"st":0,"bm":0},{"ddd":0,"ind":5,"ty":4,"nm":"Heart Small 2","sr":1,"ks":{"o":{"a":1,"k":[{"i":{"x":[0.833],"y":[0.833]},"o":{"x":[0.167],"y":[0.167]},"t":59,"s":[0]},{"t":62.0000025253118,"s":[25]}],"ix":11},"r":{"a":0,"k":0,"ix":10},"p":{"a":1,"k":[{"i":{"x":0.667,"y":1},"o":{"x":0.167,"y":0.167},"t":60,"s":[198.542,195.729,0],"to":[-4.667,-14.167,0],"ti":[6.872,23.327,0]},{"i":{"x":0.667,"y":0.36},"o":{"x":0.333,"y":0},"t":75,"s":[170.542,110.729,0],"to":[-0.485,-1.646,0],"ti":[0.423,1.678,0]},{"i":{"x":0.667,"y":1},"o":{"x":0.333,"y":0.186},"t":79,"s":[169.18,105.742,0],"to":[-9.887,-39.263,0],"ti":[-21.098,46.992,0]},{"t":110.000004480392,"s":[187.542,-28.271,0]}],"ix":2},"a":{"a":0,"k":[0,0,0],"ix":1},"s":{"a":1,"k":[{"i":{"x":[0.667,0.667,0.667],"y":[1,1,1]},"o":{"x":[0.167,0.167,0.167],"y":[0.167,0.167,0]},"t":60,"s":[100,100,100]},{"i":{"x":[0.667,0.667,0.667],"y":[1,1,1]},"o":{"x":[0.333,0.333,0.333],"y":[0,0,0]},"t":75,"s":[125,125,100]},{"t":110.000004480392,"s":[0,0,100]}],"ix":6}},"ao":0,"shapes":[{"ty":"gr","it":[{"ind":0,"ty":"sh","ix":1,"ks":{"a":0,"k":{"i":[[3.724,0],[1.199,-1.096],[1.752,0],[0,-3.724],[-1.411,-1.686],[0,0],[-1.38,1.752],[0,2.158]],"o":[[-1.752,0],[-1.199,-1.096],[-3.724,0],[0,2.145],[1.411,1.686],[0,0],[1.327,-1.685],[0,-3.724]],"v":[[4.547,-10.022],[0,-8.257],[-4.547,-10.022],[-11.289,-3.28],[-9.132,2.328],[-0.004,10.022],[9.14,2.288],[11.289,-3.28]],"c":true},"ix":2},"nm":"Path 1","mn":"ADBE Vector Shape - Group","hd":false},{"ty":"fl","c":{"a":0,"k":[0.917647058824,0.117647058824,0.117647058824,1],"ix":4},"o":{"a":0,"k":100,"ix":5},"r":1,"bm":0,"nm":"Fill 1","mn":"ADBE Vector Graphic - Fill","hd":false},{"ty":"tr","p":{"a":0,"k":[0,0],"ix":2},"a":{"a":0,"k":[0,0],"ix":1},"s":{"a":0,"k":[100,100],"ix":3},"r":{"a":0,"k":0,"ix":6},"o":{"a":0,"k":100,"ix":7},"sk":{"a":0,"k":0,"ix":4},"sa":{"a":0,"k":0,"ix":5},"nm":"Transform"}],"nm":"Shape 1","np":3,"cix":2,"bm":0,"ix":1,"mn":"ADBE Vector Group","hd":false}],"ip":0,"op":360.000014663101,"st":0,"bm":0},{"ddd":0,"ind":6,"ty":4,"nm":"Heart Small 3","sr":1,"ks":{"o":{"a":1,"k":[{"i":{"x":[0.833],"y":[0.833]},"o":{"x":[0.167],"y":[0.167]},"t":59,"s":[0]},{"t":62.0000025253118,"s":[25]}],"ix":11},"r":{"a":0,"k":0,"ix":10},"p":{"a":1,"k":[{"i":{"x":0.667,"y":1},"o":{"x":0.167,"y":0.167},"t":60,"s":[198.542,195.729,0],"to":[8.167,18.833,0],"ti":[-45.591,-23.561,0]},{"i":{"x":0.667,"y":1},"o":{"x":0.333,"y":0},"t":75,"s":[247.542,308.729,0],"to":[31.072,16.058,0],"ti":[-2,79,0]},{"t":110.000004480392,"s":[336.542,211.729,0]}],"ix":2},"a":{"a":0,"k":[0,0,0],"ix":1},"s":{"a":1,"k":[{"i":{"x":[0.667,0.667,0.667],"y":[1,1,1]},"o":{"x":[0.167,0.167,0.167],"y":[0.167,0.167,0]},"t":60,"s":[100,100,100]},{"i":{"x":[0.667,0.667,0.667],"y":[1,1,1]},"o":{"x":[0.333,0.333,0.333],"y":[0,0,0]},"t":75,"s":[125,125,100]},{"t":110.000004480392,"s":[0,0,100]}],"ix":6}},"ao":0,"shapes":[{"ty":"gr","it":[{"ind":0,"ty":"sh","ix":1,"ks":{"a":0,"k":{"i":[[3.724,0],[1.199,-1.096],[1.752,0],[0,-3.724],[-1.411,-1.686],[0,0],[-1.38,1.752],[0,2.158]],"o":[[-1.752,0],[-1.199,-1.096],[-3.724,0],[0,2.145],[1.411,1.686],[0,0],[1.327,-1.685],[0,-3.724]],"v":[[4.547,-10.022],[0,-8.257],[-4.547,-10.022],[-11.289,-3.28],[-9.132,2.328],[-0.004,10.022],[9.14,2.288],[11.289,-3.28]],"c":true},"ix":2},"nm":"Path 1","mn":"ADBE Vector Shape - Group","hd":false},{"ty":"fl","c":{"a":0,"k":[0.917647058824,0.117647058824,0.117647058824,1],"ix":4},"o":{"a":0,"k":100,"ix":5},"r":1,"bm":0,"nm":"Fill 1","mn":"ADBE Vector Graphic - Fill","hd":false},{"ty":"tr","p":{"a":0,"k":[0,0],"ix":2},"a":{"a":0,"k":[0,0],"ix":1},"s":{"a":0,"k":[100,100],"ix":3},"r":{"a":0,"k":0,"ix":6},"o":{"a":0,"k":100,"ix":7},"sk":{"a":0,"k":0,"ix":4},"sa":{"a":0,"k":0,"ix":5},"nm":"Transform"}],"nm":"Shape 1","np":3,"cix":2,"bm":0,"ix":1,"mn":"ADBE Vector Group","hd":false}],"ip":0,"op":360.000014663101,"st":0,"bm":0},{"ddd":0,"ind":7,"ty":4,"nm":"Heart Small 4","sr":1,"ks":{"o":{"a":1,"k":[{"i":{"x":[0.833],"y":[0.833]},"o":{"x":[0.167],"y":[0.167]},"t":59,"s":[0]},{"t":62.0000025253118,"s":[25]}],"ix":11},"r":{"a":0,"k":0,"ix":10},"p":{"a":1,"k":[{"i":{"x":0.667,"y":1},"o":{"x":0.167,"y":0.167},"t":60,"s":[198.542,195.729,0],"to":[-15.167,-2,0],"ti":[18.187,16.144,0]},{"i":{"x":0.667,"y":0.373},"o":{"x":0.333,"y":0},"t":75,"s":[107.542,183.729,0],"to":[-2.181,-1.936,0],"ti":[2.599,3.666,0]},{"i":{"x":0.667,"y":1},"o":{"x":0.333,"y":0.242},"t":79,"s":[100.228,175.313,0],"to":[-15.081,-21.273,0],"ti":[-36.679,73.357,0]},{"t":100.000004073084,"s":[104.542,30.729,0]}],"ix":2},"a":{"a":0,"k":[0,0,0],"ix":1},"s":{"a":1,"k":[{"i":{"x":[0.667,0.667,0.667],"y":[1,1,1]},"o":{"x":[0.167,0.167,0.167],"y":[0.167,0.167,0]},"t":60,"s":[100,100,100]},{"i":{"x":[0.667,0.667,0.667],"y":[1,1,1]},"o":{"x":[0.333,0.333,0.333],"y":[0,0,0]},"t":75,"s":[125,125,100]},{"t":100.000004073084,"s":[0,0,100]}],"ix":6}},"ao":0,"shapes":[{"ty":"gr","it":[{"ind":0,"ty":"sh","ix":1,"ks":{"a":0,"k":{"i":[[3.724,0],[1.199,-1.096],[1.752,0],[0,-3.724],[-1.411,-1.686],[0,0],[-1.38,1.752],[0,2.158]],"o":[[-1.752,0],[-1.199,-1.096],[-3.724,0],[0,2.145],[1.411,1.686],[0,0],[1.327,-1.685],[0,-3.724]],"v":[[4.547,-10.022],[0,-8.257],[-4.547,-10.022],[-11.289,-3.28],[-9.132,2.328],[-0.004,10.022],[9.14,2.288],[11.289,-3.28]],"c":true},"ix":2},"nm":"Path 1","mn":"ADBE Vector Shape - Group","hd":false},{"ty":"fl","c":{"a":0,"k":[0.917647058824,0.117647058824,0.117647058824,1],"ix":4},"o":{"a":0,"k":100,"ix":5},"r":1,"bm":0,"nm":"Fill 1","mn":"ADBE Vector Graphic - Fill","hd":false},{"ty":"tr","p":{"a":0,"k":[0,0],"ix":2},"a":{"a":0,"k":[0,0],"ix":1},"s":{"a":0,"k":[100,100],"ix":3},"r":{"a":0,"k":0,"ix":6},"o":{"a":0,"k":100,"ix":7},"sk":{"a":0,"k":0,"ix":4},"sa":{"a":0,"k":0,"ix":5},"nm":"Transform"}],"nm":"Shape 1","np":3,"cix":2,"bm":0,"ix":1,"mn":"ADBE Vector Group","hd":false}],"ip":0,"op":360.000014663101,"st":0,"bm":0},{"ddd":0,"ind":8,"ty":4,"nm":"Heart Small 5","sr":1,"ks":{"o":{"a":1,"k":[{"i":{"x":[0.833],"y":[0.833]},"o":{"x":[0.167],"y":[0.167]},"t":59,"s":[0]},{"t":62.0000025253118,"s":[25]}],"ix":11},"r":{"a":0,"k":0,"ix":10},"p":{"a":1,"k":[{"i":{"x":0.667,"y":1},"o":{"x":0.167,"y":0.167},"t":60,"s":[198.542,195.729,0],"to":[13.333,-11.333,0],"ti":[-8.625,22.738,0]},{"i":{"x":0.667,"y":1},"o":{"x":0.333,"y":0},"t":75,"s":[278.542,127.729,0],"to":[9.167,-24.167,0],"ti":[18,38,0]},{"t":95.0000038694293,"s":[275.542,11.729,0]}],"ix":2},"a":{"a":0,"k":[0,0,0],"ix":1},"s":{"a":1,"k":[{"i":{"x":[0.667,0.667,0.667],"y":[1,1,1]},"o":{"x":[0.167,0.167,0.167],"y":[0.167,0.167,0]},"t":60,"s":[100,100,100]},{"i":{"x":[0.667,0.667,0.667],"y":[1,1,1]},"o":{"x":[0.333,0.333,0.333],"y":[0,0,0]},"t":75,"s":[125,125,100]},{"t":95.0000038694293,"s":[0,0,100]}],"ix":6}},"ao":0,"shapes":[{"ty":"gr","it":[{"ind":0,"ty":"sh","ix":1,"ks":{"a":0,"k":{"i":[[3.724,0],[1.199,-1.096],[1.752,0],[0,-3.724],[-1.411,-1.686],[0,0],[-1.38,1.752],[0,2.158]],"o":[[-1.752,0],[-1.199,-1.096],[-3.724,0],[0,2.145],[1.411,1.686],[0,0],[1.327,-1.685],[0,-3.724]],"v":[[4.547,-10.022],[0,-8.257],[-4.547,-10.022],[-11.289,-3.28],[-9.132,2.328],[-0.004,10.022],[9.14,2.288],[11.289,-3.28]],"c":true},"ix":2},"nm":"Path 1","mn":"ADBE Vector Shape - Group","hd":false},{"ty":"fl","c":{"a":0,"k":[0.917647058824,0.117647058824,0.117647058824,1],"ix":4},"o":{"a":0,"k":100,"ix":5},"r":1,"bm":0,"nm":"Fill 1","mn":"ADBE Vector Graphic - Fill","hd":false},{"ty":"tr","p":{"a":0,"k":[0,0],"ix":2},"a":{"a":0,"k":[0,0],"ix":1},"s":{"a":0,"k":[100,100],"ix":3},"r":{"a":0,"k":0,"ix":6},"o":{"a":0,"k":100,"ix":7},"sk":{"a":0,"k":0,"ix":4},"sa":{"a":0,"k":0,"ix":5},"nm":"Transform"}],"nm":"Shape 1","np":3,"cix":2,"bm":0,"ix":1,"mn":"ADBE Vector Group","hd":false}],"ip":0,"op":360.000014663101,"st":0,"bm":0},{"ddd":0,"ind":9,"ty":4,"nm":"Heart Small 6","sr":1,"ks":{"o":{"a":1,"k":[{"i":{"x":[0.833],"y":[0.833]},"o":{"x":[0.167],"y":[0.167]},"t":59,"s":[0]},{"t":62.0000025253118,"s":[25]}],"ix":11},"r":{"a":0,"k":0,"ix":10},"p":{"a":1,"k":[{"i":{"x":0.667,"y":1},"o":{"x":0.167,"y":0.167},"t":60,"s":[198.542,195.729,0],"to":[-14,25,0],"ti":[37.303,1.864,0]},{"i":{"x":0.667,"y":1},"o":{"x":0.333,"y":0},"t":75,"s":[105.042,266.729,0],"to":[-32.813,-1.639,0],"ti":[-6,79.5,0]},{"t":105.000004276738,"s":[58.542,124.729,0]}],"ix":2},"a":{"a":0,"k":[0,0,0],"ix":1},"s":{"a":1,"k":[{"i":{"x":[0.667,0.667,0.667],"y":[1,1,1]},"o":{"x":[0.167,0.167,0.167],"y":[0.167,0.167,0]},"t":60,"s":[100,100,100]},{"i":{"x":[0.667,0.667,0.667],"y":[1,1,1]},"o":{"x":[0.333,0.333,0.333],"y":[0,0,0]},"t":75,"s":[125,125,100]},{"t":105.000004276738,"s":[0,0,100]}],"ix":6}},"ao":0,"shapes":[{"ty":"gr","it":[{"ind":0,"ty":"sh","ix":1,"ks":{"a":0,"k":{"i":[[3.724,0],[1.199,-1.096],[1.752,0],[0,-3.724],[-1.411,-1.686],[0,0],[-1.38,1.752],[0,2.158]],"o":[[-1.752,0],[-1.199,-1.096],[-3.724,0],[0,2.145],[1.411,1.686],[0,0],[1.327,-1.685],[0,-3.724]],"v":[[4.547,-10.022],[0,-8.257],[-4.547,-10.022],[-11.289,-3.28],[-9.132,2.328],[-0.004,10.022],[9.14,2.288],[11.289,-3.28]],"c":true},"ix":2},"nm":"Path 1","mn":"ADBE Vector Shape - Group","hd":false},{"ty":"fl","c":{"a":0,"k":[0.917647058824,0.117647058824,0.117647058824,1],"ix":4},"o":{"a":0,"k":100,"ix":5},"r":1,"bm":0,"nm":"Fill 1","mn":"ADBE Vector Graphic - Fill","hd":false},{"ty":"tr","p":{"a":0,"k":[0,0],"ix":2},"a":{"a":0,"k":[0,0],"ix":1},"s":{"a":0,"k":[100,100],"ix":3},"r":{"a":0,"k":0,"ix":6},"o":{"a":0,"k":100,"ix":7},"sk":{"a":0,"k":0,"ix":4},"sa":{"a":0,"k":0,"ix":5},"nm":"Transform"}],"nm":"Shape 1","np":3,"cix":2,"bm":0,"ix":1,"mn":"ADBE Vector Group","hd":false}],"ip":0,"op":360.000014663101,"st":0,"bm":0},{"ddd":0,"ind":10,"ty":4,"nm":"Heart Small 7","sr":1,"ks":{"o":{"a":1,"k":[{"i":{"x":[0.833],"y":[0.833]},"o":{"x":[0.167],"y":[0.167]},"t":59,"s":[0]},{"t":62.0000025253118,"s":[25]}],"ix":11},"r":{"a":0,"k":0,"ix":10},"p":{"a":1,"k":[{"i":{"x":0.667,"y":1},"o":{"x":0.167,"y":0.167},"t":60,"s":[198.542,195.729,0],"to":[14.5,7.667,0],"ti":[-24.051,3.598,0]},{"i":{"x":0.667,"y":1},"o":{"x":0.333,"y":0},"t":75,"s":[285.542,241.729,0],"to":[21.167,-3.167,0],"ti":[24,89,0]},{"t":100.000004073084,"s":[311.542,92.729,0]}],"ix":2},"a":{"a":0,"k":[0,0,0],"ix":1},"s":{"a":1,"k":[{"i":{"x":[0.667,0.667,0.667],"y":[1,1,1]},"o":{"x":[0.167,0.167,0.167],"y":[0.167,0.167,0]},"t":60,"s":[100,100,100]},{"i":{"x":[0.667,0.667,0.667],"y":[1,1,1]},"o":{"x":[0.333,0.333,0.333],"y":[0,0,0]},"t":75,"s":[125,125,100]},{"t":100.000004073084,"s":[0,0,100]}],"ix":6}},"ao":0,"shapes":[{"ty":"gr","it":[{"ind":0,"ty":"sh","ix":1,"ks":{"a":0,"k":{"i":[[3.724,0],[1.199,-1.096],[1.752,0],[0,-3.724],[-1.411,-1.686],[0,0],[-1.38,1.752],[0,2.158]],"o":[[-1.752,0],[-1.199,-1.096],[-3.724,0],[0,2.145],[1.411,1.686],[0,0],[1.327,-1.685],[0,-3.724]],"v":[[4.547,-10.022],[0,-8.257],[-4.547,-10.022],[-11.289,-3.28],[-9.132,2.328],[-0.004,10.022],[9.14,2.288],[11.289,-3.28]],"c":true},"ix":2},"nm":"Path 1","mn":"ADBE Vector Shape - Group","hd":false},{"ty":"fl","c":{"a":0,"k":[0.917647058824,0.117647058824,0.117647058824,1],"ix":4},"o":{"a":0,"k":100,"ix":5},"r":1,"bm":0,"nm":"Fill 1","mn":"ADBE Vector Graphic - Fill","hd":false},{"ty":"tr","p":{"a":0,"k":[0,0],"ix":2},"a":{"a":0,"k":[0,0],"ix":1},"s":{"a":0,"k":[100,100],"ix":3},"r":{"a":0,"k":0,"ix":6},"o":{"a":0,"k":100,"ix":7},"sk":{"a":0,"k":0,"ix":4},"sa":{"a":0,"k":0,"ix":5},"nm":"Transform"}],"nm":"Shape 1","np":3,"cix":2,"bm":0,"ix":1,"mn":"ADBE Vector Group","hd":false}],"ip":0,"op":360.000014663101,"st":0,"bm":0}],"markers":[]}