{"v":"4.7.1","fr":60,"ip":0,"op":48,"w":150,"h":150,"nm":"SpeechBubble_AnimOn","ddd":0,"assets":[],"layers":[{"ddd":0,"ind":1,"ty":4,"nm":"Bubble","parent":3,"ks":{"o":{"a":0,"k":100},"r":{"a":0,"k":0},"p":{"a":0,"k":[54.982,100.623,0]},"a":{"a":0,"k":[54.982,100.623,0]},"s":{"a":0,"k":[100,100,100]}},"ao":0,"shapes":[{"ty":"gr","it":[{"ind":0,"ty":"sh","ix":1,"ks":{"a":0,"k":{"i":[[0,-9.75],[7.929,-6.761],[13.651,3.77],[4.942,4.069],[0,9.88],[-21.321,0],[-7.93,-6.89]],"o":[[0,9.88],[-10.401,9.36],[-10.275,-4.319],[-7.02,-5.981],[0,-20.671],[10.92,0],[7.801,6.761]],"v":[[41.277,-4.225],[28.797,22.556],[-9.816,30.356],[-29.837,19.566],[-40.887,-4.225],[0.195,-40.626],[29.316,-29.966]],"c":true}},"nm":"Path 1","mn":"ADBE Vector Shape - Group"},{"ty":"fl","c":{"a":0,"k":[0,0,0,1]},"o":{"a":0,"k":100},"r":1,"nm":"Fill 1","mn":"ADBE Vector Graphic - Fill"},{"ty":"tr","p":{"a":0,"k":[74.805,72.984],"ix":2},"a":{"a":0,"k":[0,0],"ix":1},"s":{"a":0,"k":[100,100],"ix":3},"r":{"a":0,"k":0,"ix":6},"o":{"a":0,"k":100,"ix":7},"sk":{"a":0,"k":0,"ix":4},"sa":{"a":0,"k":0,"ix":5},"nm":"Transform"}],"nm":"Group 1","np":2,"cix":2,"ix":1,"mn":"ADBE Vector Group"}],"ip":0,"op":48,"st":-43,"bm":0,"sr":1},{"ddd":0,"ind":2,"ty":4,"nm":"Splash","ks":{"o":{"a":0,"k":100},"r":{"a":0,"k":15.3},"p":{"a":0,"k":[89.456,41.044,0]},"a":{"a":0,"k":[0,0,0]},"s":{"a":0,"k":[100,100,100]}},"ao":0,"shapes":[{"ty":"gr","it":[{"ind":0,"ty":"sh","ix":1,"ks":{"a":0,"k":{"i":[[0,0],[0,0]],"o":[[0,0],[0,0]],"v":[[-7.378,-43.681],[-7.378,5.96]],"c":false}},"nm":"Path 1","mn":"ADBE Vector Shape - Group"},{"ty":"tr","p":{"a":0,"k":[0,0],"ix":2},"a":{"a":0,"k":[0,0],"ix":1},"s":{"a":0,"k":[100,100],"ix":3},"r":{"a":0,"k":-40,"ix":6},"o":{"a":0,"k":100,"ix":7},"sk":{"a":0,"k":0,"ix":4},"sa":{"a":0,"k":0,"ix":5},"nm":"Transform"}],"nm":"Shape 3","np":1,"cix":2,"ix":1,"mn":"ADBE Vector Group"},{"ty":"gr","it":[{"ind":0,"ty":"sh","ix":1,"ks":{"a":0,"k":{"i":[[0,0],[0,0]],"o":[[0,0],[0,0]],"v":[[0.013,-40.987],[0.013,8.654]],"c":false}},"nm":"Path 1","mn":"ADBE Vector Shape - Group"},{"ty":"tr","p":{"a":0,"k":[0,0],"ix":2},"a":{"a":0,"k":[0,0],"ix":1},"s":{"a":0,"k":[100,100],"ix":3},"r":{"a":0,"k":0,"ix":6},"o":{"a":0,"k":100,"ix":7},"sk":{"a":0,"k":0,"ix":4},"sa":{"a":0,"k":0,"ix":5},"nm":"Transform"}],"nm":"Shape 2","np":1,"cix":2,"ix":2,"mn":"ADBE Vector Group"},{"ty":"gr","it":[{"ind":0,"ty":"sh","ix":1,"ks":{"a":0,"k":{"i":[[0,0],[0,0]],"o":[[0,0],[0,0]],"v":[[7.407,-43.673],[7.407,5.967]],"c":false}},"nm":"Path 1","mn":"ADBE Vector Shape - Group"},{"ty":"tr","p":{"a":0,"k":[0,0],"ix":2},"a":{"a":0,"k":[0,0],"ix":1},"s":{"a":0,"k":[100,100],"ix":3},"r":{"a":0,"k":40,"ix":6},"o":{"a":0,"k":100,"ix":7},"sk":{"a":0,"k":0,"ix":4},"sa":{"a":0,"k":0,"ix":5},"nm":"Transform"}],"nm":"Shape 1","np":1,"cix":2,"ix":3,"mn":"ADBE Vector Group"},{"ty":"tm","s":{"a":1,"k":[{"i":{"x":[0.19],"y":[1]},"o":{"x":[0.167],"y":[0.033]},"n":["0p19_1_0p167_0p033"],"t":13,"s":[40.46],"e":[10]},{"t":34}],"ix":1},"e":{"a":1,"k":[{"i":{"x":[0.19],"y":[1]},"o":{"x":[0.485],"y":[0]},"n":["0p19_1_0p485_0"],"t":13,"s":[48.3],"e":[10]},{"t":34}],"ix":2},"o":{"a":0,"k":0,"ix":3},"m":1,"ix":4,"nm":"Trim Paths 1","mn":"ADBE Vector Filter - Trim"},{"ty":"st","c":{"a":0,"k":[0,0,0,1]},"o":{"a":0,"k":100},"w":{"a":1,"k":[{"i":{"x":[0.833],"y":[0.967]},"o":{"x":[0.59],"y":[0]},"n":["0p833_0p967_0p59_0"],"t":11,"s":[0],"e":[4.9]},{"i":{"x":[0.833],"y":[0.833]},"o":{"x":[0.167],"y":[0.167]},"n":["0p833_0p833_0p167_0p167"],"t":14,"s":[4.9],"e":[4.9]},{"i":{"x":[0.833],"y":[0.833]},"o":{"x":[0.167],"y":[0.167]},"n":["0p833_0p833_0p167_0p167"],"t":34,"s":[4.9],"e":[0]},{"t":38}]},"lc":2,"lj":2,"nm":"Stroke 1","mn":"ADBE Vector Graphic - Stroke"}],"ip":11,"op":39,"st":-16,"bm":0,"sr":1},{"ddd":0,"ind":3,"ty":4,"nm":"Bubble","ks":{"o":{"a":0,"k":100},"r":{"a":1,"k":[{"i":{"x":[0],"y":[1]},"o":{"x":[0.333],"y":[0]},"n":["0_1_0p333_0"],"t":1,"s":[50],"e":[0]},{"i":{"x":[0],"y":[1]},"o":{"x":[0.167],"y":[0]},"n":["0_1_0p167_0"],"t":23,"s":[0],"e":[0]},{"t":46}]},"p":{"a":0,"k":[36.032,112.367,0]},"a":{"a":0,"k":[36.032,112.367,0]},"s":{"a":1,"k":[{"i":{"x":[0,0,0],"y":[1,1,1]},"o":{"x":[0.333,0.333,0.333],"y":[0,0,0]},"n":["0_1_0p333_0","0_1_0p333_0","0_1_0p333_0"],"t":1,"s":[0,0,100],"e":[107,107,100]},{"i":{"x":[0,0,0],"y":[1,1,1]},"o":{"x":[0.167,0.167,0.167],"y":[0,0,0]},"n":["0_1_0p167_0","0_1_0p167_0","0_1_0p167_0"],"t":23,"s":[107,107,100],"e":[100,100,100]},{"t":46}]}},"ao":0,"shapes":[{"ty":"gr","it":[{"ind":0,"ty":"sh","ix":1,"ks":{"a":0,"k":{"i":[[4.939,-21.668],[5.72,0],[-3.25,2.601],[0.52,7.54]],"o":[[-7.021,8.45],[-2.99,0],[7.67,-6.37],[1.739,-13.013]],"v":[[-9.816,30.356],[-30.227,40.626],[-38.027,37.376],[-29.837,19.566]],"c":true}},"nm":"Path 1","mn":"ADBE Vector Shape - Group"},{"ty":"fl","c":{"a":0,"k":[0,0,0,1]},"o":{"a":0,"k":100},"r":1,"nm":"Fill 1","mn":"ADBE Vector Graphic - Fill"},{"ty":"tr","p":{"a":0,"k":[74.805,72.984],"ix":2},"a":{"a":0,"k":[0,0],"ix":1},"s":{"a":0,"k":[100,100],"ix":3},"r":{"a":0,"k":0,"ix":6},"o":{"a":0,"k":100,"ix":7},"sk":{"a":0,"k":0,"ix":4},"sa":{"a":0,"k":0,"ix":5},"nm":"Transform"}],"nm":"Group 1","np":2,"cix":2,"ix":1,"mn":"ADBE Vector Group"}],"ip":0,"op":48,"st":-43,"bm":0,"sr":1}]}